{"stats":{"minecraft:picked_up":{"minecraft:leather_boots":2,"minecraft:leather_chestplate":2,"minecraft:diamond_shovel":1,"minecraft:leather_leggings":2,"minecraft:diamond":1,"minecraft:diamond_sword":1,"minecraft:diamond_axe":1,"minecraft:totem_of_undying":2,"minecraft:diamond_hoe":1,"minecraft:leather_helmet":2,"minecraft:diamond_pickaxe":1},"minecraft:custom":{"minecraft:time_since_rest":5623,"minecraft:deaths":1,"minecraft:play_one_minute":11014,"minecraft:crouch_one_cm":767,"minecraft:sprint_one_cm":3497,"minecraft:damage_taken":40,"minecraft:walk_one_cm":8798,"minecraft:sneak_time":488,"minecraft:jump":77,"minecraft:leave_game":2,"minecraft:time_since_death":5365,"minecraft:fall_one_cm":2287,"minecraft:fly_one_cm":107387},"minecraft:mined":{"minecraft:grass":2},"minecraft:used":{"minecraft:oak_log":70,"minecraft:campfire":1}},"DataVersion":2225}