{"stats":{"minecraft:picked_up":{"minecraft:leather_chestplate":2,"minecraft:azure_bluet":1,"minecraft:leather_leggings":2,"minecraft:diamond_sword":1,"minecraft:gravel":46,"minecraft:flint":11,"minecraft:dirt":2230,"minecraft:leather_helmet":2,"minecraft:leather_boots":2,"minecraft:diamond_shovel":2,"minecraft:diamond":1,"minecraft:wheat_seeds":46,"minecraft:diamond_axe":1,"minecraft:granite":48,"minecraft:player_head":1,"minecraft:totem_of_undying":2,"minecraft:coal":5,"minecraft:diamond_hoe":1,"minecraft:cobblestone":464,"minecraft:diamond_pickaxe":4},"minecraft:custom":{"minecraft:time_since_rest":14198,"minecraft:sprint_one_cm":178698,"minecraft:damage_taken":130,"minecraft:walk_one_cm":279945,"minecraft:drop":5,"minecraft:damage_dealt":25,"minecraft:fly_one_cm":343557,"minecraft:open_chest":6,"minecraft:play_one_minute":70123,"minecraft:crouch_one_cm":14103,"minecraft:deaths":2,"minecraft:sneak_time":3626,"minecraft:jump":600,"minecraft:leave_game":3,"minecraft:time_since_death":13933,"minecraft:fall_one_cm":8754},"minecraft:dropped":{"minecraft:dirt":128,"minecraft:diamond_pickaxe":1,"minecraft:diamond_shovel":1,"minecraft:azure_bluet":1},"minecraft:mined":{"minecraft:white_bed":1,"minecraft:dark_oak_leaves":1,"minecraft:andesite":8,"minecraft:pumpkin":3,"minecraft:azure_bluet":1,"minecraft:granite":36,"minecraft:grass":79,"minecraft:grass_block":2836,"minecraft:coal_ore":12,"minecraft:gravel":123,"minecraft:dirt":2157,"minecraft:cobblestone":15,"minecraft:stone":1329,"minecraft:player_head":1,"minecraft:diorite":12},"minecraft:used":{"minecraft:oak_log":70,"minecraft:diamond_pickaxe":1421,"minecraft:diamond_shovel":5201,"minecraft:grass_block":737,"minecraft:chest":4,"minecraft:stone":8,"minecraft:dirt":154,"minecraft:cobblestone":17,"minecraft:tall_grass":3,"minecraft:white_bed":3,"minecraft:campfire":1}},"DataVersion":2225}