{"stats":{"minecraft:picked_up":{"minecraft:leather_chestplate":2,"minecraft:azure_bluet":1,"minecraft:leather_leggings":2,"minecraft:diamond_sword":1,"minecraft:gravel":36,"minecraft:flint":3,"minecraft:dirt":1582,"minecraft:leather_helmet":2,"minecraft:leather_boots":2,"minecraft:diamond_shovel":1,"minecraft:diamond":1,"minecraft:wheat_seeds":44,"minecraft:diamond_axe":1,"minecraft:granite":34,"minecraft:totem_of_undying":2,"minecraft:diamond_hoe":1,"minecraft:cobblestone":251,"minecraft:diamond_pickaxe":1},"minecraft:custom":{"minecraft:time_since_rest":41623,"minecraft:sprint_one_cm":101312,"minecraft:damage_taken":120,"minecraft:walk_one_cm":191201,"minecraft:drop":1,"minecraft:damage_dealt":25,"minecraft:fly_one_cm":233319,"minecraft:crouch_one_cm":10933,"minecraft:play_one_minute":47014,"minecraft:deaths":1,"minecraft:sneak_time":2793,"minecraft:jump":382,"minecraft:leave_game":2,"minecraft:time_since_death":41365,"minecraft:fall_one_cm":7107},"minecraft:dropped":{"minecraft:diamond_shovel":1},"minecraft:mined":{"minecraft:azure_bluet":1,"minecraft:granite":18,"minecraft:grass":66,"minecraft:grass_block":2128,"minecraft:coal_ore":2,"minecraft:gravel":41,"minecraft:dirt":1315,"minecraft:stone":397},"minecraft:used":{"minecraft:oak_log":70,"minecraft:diamond_pickaxe":418,"minecraft:diamond_shovel":3556,"minecraft:grass_block":735,"minecraft:dirt":74,"minecraft:tall_grass":3,"minecraft:campfire":1}},"DataVersion":2225}