{"stats":{"minecraft:picked_up":{"minecraft:leather_chestplate":2,"minecraft:azure_bluet":1,"minecraft:leather_leggings":2,"minecraft:diamond_sword":1,"minecraft:gravel":46,"minecraft:flint":11,"minecraft:dirt":2232,"minecraft:leather_helmet":2,"minecraft:leather_boots":2,"minecraft:diamond_shovel":2,"minecraft:diamond":1,"minecraft:wheat_seeds":46,"minecraft:diamond_axe":1,"minecraft:granite":53,"minecraft:player_head":1,"minecraft:totem_of_undying":2,"minecraft:coal":5,"minecraft:diamond_hoe":1,"minecraft:cobblestone":493,"minecraft:diamond_pickaxe":4},"minecraft:custom":{"minecraft:time_since_rest":38198,"minecraft:sprint_one_cm":182949,"minecraft:damage_taken":130,"minecraft:walk_one_cm":313689,"minecraft:drop":5,"minecraft:damage_dealt":25,"minecraft:fly_one_cm":512722,"minecraft:open_chest":8,"minecraft:play_one_minute":94123,"minecraft:crouch_one_cm":15322,"minecraft:deaths":2,"minecraft:sneak_time":5874,"minecraft:jump":717,"minecraft:leave_game":3,"minecraft:time_since_death":37933,"minecraft:fall_one_cm":8754},"minecraft:dropped":{"minecraft:dirt":128,"minecraft:diamond_pickaxe":1,"minecraft:diamond_shovel":1,"minecraft:azure_bluet":1},"minecraft:mined":{"minecraft:white_bed":1,"minecraft:dark_oak_leaves":1,"minecraft:andesite":8,"minecraft:pumpkin":3,"minecraft:azure_bluet":1,"minecraft:granite":41,"minecraft:grass":79,"minecraft:grass_block":2836,"minecraft:coal_ore":12,"minecraft:gravel":123,"minecraft:dirt":2160,"minecraft:cobblestone":15,"minecraft:stone":1359,"minecraft:player_head":1,"minecraft:diorite":12},"minecraft:used":{"minecraft:oak_log":70,"minecraft:diamond_pickaxe":1456,"minecraft:diamond_shovel":5201,"minecraft:quartz_pillar":339,"minecraft:grass_block":738,"minecraft:chest":4,"minecraft:stone":8,"minecraft:smooth_quartz":94,"minecraft:smooth_quartz_stairs":297,"minecraft:dirt":204,"minecraft:cobblestone":17,"minecraft:tall_grass":3,"minecraft:chiseled_quartz_block":8,"minecraft:white_bed":3,"minecraft:campfire":1}},"DataVersion":2225}