{"stats":{"minecraft:picked_up":{"minecraft:leather_chestplate":2,"minecraft:azure_bluet":1,"minecraft:leather_leggings":2,"minecraft:diamond_sword":1,"minecraft:gravel":40,"minecraft:flint":9,"minecraft:dirt":1584,"minecraft:leather_helmet":2,"minecraft:leather_boots":2,"minecraft:diamond_shovel":2,"minecraft:diamond":1,"minecraft:wheat_seeds":45,"minecraft:diamond_axe":1,"minecraft:granite":48,"minecraft:totem_of_undying":2,"minecraft:diamond_hoe":1,"minecraft:cobblestone":385,"minecraft:diamond_pickaxe":4},"minecraft:custom":{"minecraft:time_since_rest":2198,"minecraft:sprint_one_cm":138477,"minecraft:damage_taken":130,"minecraft:walk_one_cm":241387,"minecraft:drop":5,"minecraft:damage_dealt":25,"minecraft:fly_one_cm":302987,"minecraft:open_chest":6,"minecraft:play_one_minute":58123,"minecraft:crouch_one_cm":11316,"minecraft:deaths":2,"minecraft:sneak_time":3037,"minecraft:jump":519,"minecraft:leave_game":3,"minecraft:time_since_death":1933,"minecraft:fall_one_cm":8545},"minecraft:dropped":{"minecraft:dirt":128,"minecraft:diamond_pickaxe":1,"minecraft:diamond_shovel":1,"minecraft:azure_bluet":1},"minecraft:mined":{"minecraft:white_bed":1,"minecraft:andesite":8,"minecraft:pumpkin":3,"minecraft:azure_bluet":1,"minecraft:granite":34,"minecraft:grass":68,"minecraft:grass_block":2413,"minecraft:coal_ore":7,"minecraft:gravel":92,"minecraft:dirt":1826,"minecraft:cobblestone":15,"minecraft:stone":1198,"minecraft:diorite":6},"minecraft:used":{"minecraft:oak_log":70,"minecraft:diamond_pickaxe":1276,"minecraft:diamond_shovel":4401,"minecraft:grass_block":736,"minecraft:chest":4,"minecraft:dirt":83,"minecraft:cobblestone":17,"minecraft:tall_grass":3,"minecraft:white_bed":3,"minecraft:campfire":1}},"DataVersion":2225}