{"stats":{"minecraft:picked_up":{"minecraft:azure_bluet":1,"minecraft:leather_boots":2,"minecraft:leather_chestplate":2,"minecraft:diamond_shovel":1,"minecraft:leather_leggings":2,"minecraft:diamond":1,"minecraft:wheat_seeds":25,"minecraft:diamond_sword":1,"minecraft:gravel":1,"minecraft:diamond_axe":1,"minecraft:flint":1,"minecraft:totem_of_undying":2,"minecraft:dirt":1129,"minecraft:diamond_hoe":1,"minecraft:leather_helmet":2,"minecraft:diamond_pickaxe":1},"minecraft:custom":{"minecraft:time_since_rest":29623,"minecraft:deaths":1,"minecraft:play_one_minute":35014,"minecraft:crouch_one_cm":6475,"minecraft:sprint_one_cm":61493,"minecraft:damage_taken":90,"minecraft:walk_one_cm":101773,"minecraft:sneak_time":2001,"minecraft:drop":1,"minecraft:jump":283,"minecraft:leave_game":2,"minecraft:time_since_death":29365,"minecraft:fall_one_cm":5169,"minecraft:fly_one_cm":218148},"minecraft:dropped":{"minecraft:diamond_shovel":1},"minecraft:used":{"minecraft:oak_log":70,"minecraft:dirt":26,"minecraft:diamond_shovel":1596,"minecraft:tall_grass":3,"minecraft:grass_block":735,"minecraft:campfire":1},"minecraft:mined":{"minecraft:grass_block":1077,"minecraft:grass":36,"minecraft:gravel":2,"minecraft:dirt":475,"minecraft:azure_bluet":1}},"DataVersion":2225}