{"stats":{"minecraft:killed":{"minecraft:pig":1},"minecraft:picked_up":{"minecraft:stone":1,"minecraft:leather_chestplate":2,"minecraft:azure_bluet":1,"minecraft:pumpkin":2,"minecraft:leather_leggings":2,"minecraft:diamond_sword":1,"minecraft:gravel":116,"minecraft:porkchop":2,"minecraft:flint":22,"minecraft:dirt":4667,"minecraft:leather_helmet":2,"minecraft:leather_boots":2,"minecraft:diamond_shovel":4,"minecraft:diamond":1,"minecraft:wheat_seeds":91,"minecraft:diamond_axe":1,"minecraft:granite":132,"minecraft:tall_grass":1,"minecraft:player_head":2,"minecraft:totem_of_undying":2,"minecraft:chest":64,"minecraft:coal":11,"minecraft:diamond_hoe":1,"minecraft:cobblestone":1425,"minecraft:diamond_pickaxe":7},"minecraft:custom":{"minecraft:time_since_rest":91009,"minecraft:sprint_one_cm":190726,"minecraft:damage_taken":350,"minecraft:walk_one_cm":355845,"minecraft:mob_kills":1,"minecraft:drop":5,"minecraft:damage_dealt":125,"minecraft:fly_one_cm":810250,"minecraft:open_chest":8,"minecraft:play_one_minute":146934,"minecraft:crouch_one_cm":28608,"minecraft:deaths":2,"minecraft:sneak_time":12181,"minecraft:jump":1026,"minecraft:leave_game":4,"minecraft:time_since_death":90744,"minecraft:fall_one_cm":13124},"minecraft:dropped":{"minecraft:dirt":128,"minecraft:diamond_pickaxe":1,"minecraft:diamond_shovel":1,"minecraft:azure_bluet":1},"minecraft:mined":{"minecraft:white_bed":3,"minecraft:dark_oak_leaves":1,"minecraft:andesite":8,"minecraft:pumpkin":3,"minecraft:azure_bluet":1,"minecraft:granite":41,"minecraft:grass":80,"minecraft:grass_block":2836,"minecraft:coal_ore":12,"minecraft:gravel":123,"minecraft:dirt":2160,"minecraft:cobblestone":15,"minecraft:stone":1359,"minecraft:player_head":1,"minecraft:diorite":12},"minecraft:used":{"minecraft:oak_log":252,"minecraft:diamond_pickaxe":1456,"minecraft:diamond_shovel":5201,"minecraft:quartz_pillar":471,"minecraft:quartz_slab":2,"minecraft:smooth_quartz_slab":143,"minecraft:grass_block":748,"minecraft:barrier":11,"minecraft:chest":4,"minecraft:stone":8,"minecraft:smooth_quartz":845,"minecraft:smooth_quartz_stairs":687,"minecraft:diamond_sword":1,"minecraft:dirt":204,"minecraft:cobblestone":17,"minecraft:tall_grass":3,"minecraft:oak_wood":28,"minecraft:white_bed":3,"minecraft:chiseled_quartz_block":12,"minecraft:campfire":10}},"DataVersion":2225}