{"stats":{"minecraft:picked_up":{"minecraft:azure_bluet":1,"minecraft:leather_boots":2,"minecraft:leather_chestplate":2,"minecraft:diamond_shovel":1,"minecraft:leather_leggings":2,"minecraft:diamond":1,"minecraft:wheat_seeds":7,"minecraft:diamond_sword":1,"minecraft:diamond_axe":1,"minecraft:totem_of_undying":2,"minecraft:dirt":171,"minecraft:diamond_hoe":1,"minecraft:leather_helmet":2,"minecraft:diamond_pickaxe":1},"minecraft:custom":{"minecraft:time_since_rest":17623,"minecraft:deaths":1,"minecraft:play_one_minute":23014,"minecraft:crouch_one_cm":3485,"minecraft:sprint_one_cm":17497,"minecraft:damage_taken":40,"minecraft:walk_one_cm":41234,"minecraft:sneak_time":1331,"minecraft:jump":111,"minecraft:leave_game":2,"minecraft:time_since_death":17365,"minecraft:fall_one_cm":2287,"minecraft:fly_one_cm":166862},"minecraft:used":{"minecraft:oak_log":70,"minecraft:dirt":5,"minecraft:diamond_shovel":188,"minecraft:tall_grass":3,"minecraft:grass_block":396,"minecraft:campfire":1},"minecraft:mined":{"minecraft:grass_block":180,"minecraft:grass":8,"minecraft:dirt":1,"minecraft:azure_bluet":1}},"DataVersion":2225}