{"stats":{"minecraft:picked_up":{"minecraft:diamond_shovel":1,"minecraft:pumpkin":2,"minecraft:wheat_seeds":3,"minecraft:gravel":2,"minecraft:granite":26,"minecraft:coal":1,"minecraft:dirt":632,"minecraft:cobblestone":440},"minecraft:custom":{"minecraft:open_chest":3,"minecraft:time_since_rest":40,"minecraft:play_one_minute":20397,"minecraft:crouch_one_cm":763,"minecraft:walk_one_cm":42364,"minecraft:sprint_one_cm":6461,"minecraft:deaths":2,"minecraft:sneak_time":147,"minecraft:drop":2,"minecraft:jump":69,"minecraft:leave_game":3,"minecraft:time_since_death":0,"minecraft:fall_one_cm":685,"minecraft:fly_one_cm":4291},"minecraft:dropped":{"minecraft:gravel":1,"minecraft:wheat_seeds":1},"minecraft:used":{"minecraft:diamond_pickaxe":444,"minecraft:dirt":1,"minecraft:diamond_shovel":477,"minecraft:gravel":1},"minecraft:mined":{"minecraft:granite":41,"minecraft:grass":1,"minecraft:grass_block":166,"minecraft:coal_ore":1,"minecraft:dirt":312,"minecraft:stone":400}},"DataVersion":2225}