{"stats":{"minecraft:picked_up":{"minecraft:diamond_shovel":1,"minecraft:wheat_seeds":3,"minecraft:granite":25,"minecraft:coal":1,"minecraft:dirt":494,"minecraft:cobblestone":344},"minecraft:custom":{"minecraft:time_since_rest":14959,"minecraft:play_one_minute":14959,"minecraft:crouch_one_cm":763,"minecraft:sprint_one_cm":3474,"minecraft:walk_one_cm":33587,"minecraft:sneak_time":147,"minecraft:drop":1,"minecraft:jump":53,"minecraft:leave_game":1,"minecraft:time_since_death":14959,"minecraft:fall_one_cm":209,"minecraft:fly_one_cm":1694},"minecraft:dropped":{"minecraft:wheat_seeds":1},"minecraft:used":{"minecraft:diamond_pickaxe":441,"minecraft:dirt":1,"minecraft:diamond_shovel":400},"minecraft:mined":{"minecraft:granite":41,"minecraft:grass":1,"minecraft:grass_block":154,"minecraft:coal_ore":1,"minecraft:dirt":247,"minecraft:stone":397}},"DataVersion":2225}