{"stats":{"minecraft:picked_up":{"minecraft:diamond_shovel":1,"minecraft:wheat_seeds":2,"minecraft:dirt":363},"minecraft:custom":{"minecraft:jump":23,"minecraft:time_since_rest":4849,"minecraft:play_one_minute":4849,"minecraft:time_since_death":4849,"minecraft:walk_one_cm":9834,"minecraft:fall_one_cm":209,"minecraft:drop":1,"minecraft:fly_one_cm":26},"minecraft:dropped":{"minecraft:wheat_seeds":1},"minecraft:used":{"minecraft:dirt":1,"minecraft:diamond_shovel":325},"minecraft:mined":{"minecraft:grass_block":113,"minecraft:dirt":212}},"DataVersion":2225}